{"mean": [0.0, 0.0, 0.0, 0.1957784067483554, -1.3532980946510969, -9.915225946004274, 2.2898753972913397, 1.859793561786169, 0.39271533526358054, -3.2824436233082754, 2.994235109599292, 0.6527668458125631, 1.6949842295362079, -3.2665505395411345, -9.913261637097744, 2.0096707376984297, 1.6820395925248683, 0.2773572340155723, -2.8644674049012484, 2.789661416495066, 0.46661543718813997, -0.17976838732987535, -1.4042663439961731, -0.9701478366534604, -2.357693333435254, 2.3643079111468595, 0.2923519655747232, -0.10135765072260793, -0.9288039243404494, 0.15001803750906892, 2.6583240626288243, -3.2468958929840657, -9.913242559800628, 1.6790547157115623, 1.3693721986537586, 0.15373036039988278, 1.4311103478042393, 1.0996174277954536, 0.011473178304502831, 3.5390225151089614, -3.199846195050164, -9.913240696396985, -1.9532502626456687, 1.9581535117328166, 0.0791705606731235, -0.5799368213663082, -2.5774975933403264, -0.10257751547138887, -1.6702452660819658, 1.635928736839932, -0.13339118816189421, 1.2653598610159071, 0.8910017391428595, -0.1322411952356304, -1.1934828044753902, -3.1787923787873176, -9.911262193097443, -0.1976080900250856, -1.7982301457397274, -1.0811260945346879, 1.7949184747602118, 0.8682109447776294, 0.21260699341485856], "scale": [1.0, 1.0, 1.0, 0.8132241971853119, 0.8578104153477372, 0.9065177639427622, 3.9689444794478663, 3.5284909226343255, 0.690548384151418, 4.455365062587409, 4.2653490808172565, 0.9093355637810325, 0.925582889467085, 0.9269951012420532, 0.920272864613181, 3.609107243259043, 3.2781965896504506, 0.6316556762885543, 4.119749486095621, 4.074148241993293, 0.855996195480082, 0.30108870315112224, 0.17233384222576986, 0.406602866010921, 3.656988837575675, 3.7261902268743485, 0.937812970012329, 0.20941314199973843, 0.1171542249319494, 0.19772874373674743, 1.034535662112785, 0.9316190879866966, 0.9204249991844324, 3.1755050936063753, 2.903161405356553, 0.6639644545769854, 2.901496819452757, 2.612618770617055, 0.7570247819388533, 1.158888457897292, 0.93872303566391, 0.920437691434806, 3.3532430450625057, 3.4302833625961386, 1.0832055747696987, 0.34301702327771955, 0.3840772186390033, 0.5925956607601159, 3.2730343696488156, 3.210901659988695, 1.325278210264174, 2.802561790634024, 2.425235429754044, 0.9238018660973929, 0.8549966286496027, 0.9308723312282584, 0.9453159509777441, 0.331301361747994, 0.23594316599302342, 0.47877524324278176, 3.2850688393007177, 2.5231567518496125, 0.8768394573953295]}